{
	"info": {
		"_postman_id": "0e6e2fc1-be88-4a0d-867c-3c5e61091215",
		"name": "00 Proyecto BigData I",
		"schema": "https://schema.getpostman.com/json/collection/v2.1.0/collection.json"
	},
	"item": [
		{
			"name": "Tutorial 101",
			"item": [
				{
					"name": "Health",
					"request": {
						"method": "GET",
						"header": [],
						"url": {
							"raw": "http://{{orion}}/version",
							"protocol": "http",
							"host": [
								"{{orion}}"
							],
							"path": [
								"version"
							]
						}
					},
					"response": []
				},
				{
					"name": "Crear Entididad",
					"request": {
						"method": "POST",
						"header": [],
						"body": {
							"mode": "raw",
							"raw": "{\r\n    \"id\": \"store_003\",\r\n    \"type\": \"Store\",\r\n    \"address\": {\r\n        \"type\": \"PostalAddress\",\r\n        \"value\": {\r\n            \"streetAddress\": \"Bornholmer Straße 65\",\r\n            \"addressRegion\": \"Berlin\",\r\n            \"addressLocality\": \"Prenzlauer Berg\",\r\n            \"postalCode\": \"10439\"\r\n        },\r\n        \"metadata\": {\r\n            \"verified\": {\r\n                \"value\": true,\r\n                \"type\": \"Boolean\"\r\n            }\r\n        }\r\n    },\r\n    \"location\": {\r\n        \"type\": \"geo:json\",\r\n        \"value\": {\r\n             \"type\": \"Point\",\r\n             \"coordinates\": [13.3986, 52.5547]\r\n        }\r\n    },\r\n    \"name\": {\r\n        \"type\": \"Text\",\r\n        \"value\": \"Bösebrücke Einkauf\"\r\n    }\r\n}",
							"options": {
								"raw": {
									"language": "json"
								}
							}
						},
						"url": {
							"raw": "http://localhost:1026/v2/entities",
							"protocol": "http",
							"host": [
								"localhost"
							],
							"port": "1026",
							"path": [
								"v2",
								"entities"
							]
						}
					},
					"response": []
				}
			]
		},
		{
			"name": "Tutorial 103",
			"item": [
				{
					"name": "Crear entidades",
					"item": [
						{
							"name": "Crear producto 10",
							"request": {
								"method": "POST",
								"header": [
									{
										"key": "fiware-service",
										"value": "openiot",
										"type": "text"
									}
								],
								"body": {
									"mode": "raw",
									"raw": "{\r\n      \"id\":\"Product010\", \"type\":\"Product\",\r\n      \"name\":{\"type\":\"Text\", \"value\":\"Lemonade\"},\r\n      \"size\":{\"type\":\"Text\", \"value\": \"S\"},\r\n      \"price\":{\"type\":\"Integer\", \"value\": 99}\r\n}",
									"options": {
										"raw": {
											"language": "json"
										}
									}
								},
								"url": {
									"raw": "http://localhost:1026/v2/entities",
									"protocol": "http",
									"host": [
										"localhost"
									],
									"port": "1026",
									"path": [
										"v2",
										"entities"
									]
								}
							},
							"response": []
						},
						{
							"name": "Crear producto 11",
							"request": {
								"method": "POST",
								"header": [
									{
										"key": "fiware-service",
										"value": "openiot",
										"type": "text"
									}
								],
								"body": {
									"mode": "raw",
									"raw": "{\r\n      \"id\":\"Product011\", \"type\":\"Product\",\r\n      \"name\":{\"type\":\"Text\", \"value\":\"Coke\"},\r\n      \"size\":{\"type\":\"Text\", \"value\": \"S\"},\r\n      \"price\":{\"type\":\"Integer\", \"value\": 150}\r\n}",
									"options": {
										"raw": {
											"language": "json"
										}
									}
								},
								"url": {
									"raw": "http://localhost:1026/v2/entities",
									"protocol": "http",
									"host": [
										"localhost"
									],
									"port": "1026",
									"path": [
										"v2",
										"entities"
									]
								}
							},
							"response": []
						}
					]
				},
				{
					"name": "Operar con entidades",
					"item": [
						{
							"name": "Obtener una entidad",
							"request": {
								"method": "GET",
								"header": [
									{
										"key": "fiware-service",
										"value": "openiot",
										"type": "text"
									}
								],
								"url": {
									"raw": "http://localhost:1026/v2/entities/Product011",
									"protocol": "http",
									"host": [
										"localhost"
									],
									"port": "1026",
									"path": [
										"v2",
										"entities",
										"Product011"
									]
								}
							},
							"response": []
						},
						{
							"name": "Obtener una entidad keyvalues",
							"request": {
								"method": "GET",
								"header": [
									{
										"key": "fiware-service",
										"value": "openiot",
										"type": "text"
									}
								],
								"url": {
									"raw": "http://localhost:1026/v2/entities/Product011?options=keyValues",
									"protocol": "http",
									"host": [
										"localhost"
									],
									"port": "1026",
									"path": [
										"v2",
										"entities",
										"Product011"
									],
									"query": [
										{
											"key": "options",
											"value": "keyValues"
										}
									]
								}
							},
							"response": []
						},
						{
							"name": "Obtener entidades de tipo producto",
							"request": {
								"method": "GET",
								"header": [
									{
										"key": "fiware-service",
										"value": "openiot",
										"type": "text"
									}
								],
								"url": {
									"raw": "http://localhost:1026/v2/entities/?type=Product&options=keyValues",
									"protocol": "http",
									"host": [
										"localhost"
									],
									"port": "1026",
									"path": [
										"v2",
										"entities",
										""
									],
									"query": [
										{
											"key": "type",
											"value": "Product"
										},
										{
											"key": "options",
											"value": "keyValues"
										}
									]
								}
							},
							"response": []
						},
						{
							"name": "Añadir campo oferta a producto 10",
							"request": {
								"method": "POST",
								"header": [
									{
										"key": "fiware-service",
										"value": "openiot",
										"type": "text"
									}
								],
								"body": {
									"mode": "raw",
									"raw": "{\r\n      \"specialOffer\":{\"value\": true}\r\n}",
									"options": {
										"raw": {
											"language": "json"
										}
									}
								},
								"url": {
									"raw": "http://localhost:1026/v2/entities/Product010/attrs",
									"protocol": "http",
									"host": [
										"localhost"
									],
									"port": "1026",
									"path": [
										"v2",
										"entities",
										"Product010",
										"attrs"
									]
								}
							},
							"response": []
						},
						{
							"name": "Actualizar precio producto 010",
							"request": {
								"method": "POST",
								"header": [
									{
										"key": "fiware-service",
										"value": "openiot",
										"type": "text"
									}
								],
								"body": {
									"mode": "raw",
									"raw": "{\r\n      \"price\":{\"value\": 11}\r\n}",
									"options": {
										"raw": {
											"language": "json"
										}
									}
								},
								"url": {
									"raw": "http://localhost:1026/v2/entities/Product010/attrs",
									"protocol": "http",
									"host": [
										"localhost"
									],
									"port": "1026",
									"path": [
										"v2",
										"entities",
										"Product010",
										"attrs"
									]
								}
							},
							"response": []
						},
						{
							"name": "Actualización en batch",
							"request": {
								"method": "POST",
								"header": [
									{
										"key": "fiware-service",
										"value": "openiot",
										"type": "text"
									}
								],
								"body": {
									"mode": "raw",
									"raw": "{\r\n  \"actionType\":\"append_strict\",\r\n  \"entities\":[\r\n    {\r\n      \"id\":\"Product012\", \"type\":\"Product\",\r\n      \"name\":{\"type\":\"Text\", \"value\":\"Brandy\"},\r\n      \"size\":{\"type\":\"Text\", \"value\": \"M\"},\r\n      \"price\":{\"type\":\"Integer\", \"value\": 1199}\r\n    },\r\n    {\r\n      \"id\":\"Product013\", \"type\":\"Product\",\r\n      \"name\":{\"type\":\"Text\", \"value\":\"Port\"},\r\n      \"size\":{\"type\":\"Text\", \"value\": \"M\"},\r\n      \"price\":{\"type\":\"Integer\", \"value\": 1099}\r\n    },\r\n    {\r\n      \"id\":\"Product001\", \"type\":\"Product\",\r\n      \"offerPrice\":{\"type\":\"Integer\", \"value\": 89}\r\n    }\r\n  ]\r\n}",
									"options": {
										"raw": {
											"language": "json"
										}
									}
								},
								"url": {
									"raw": "http://localhost:1026/v2/op/update",
									"protocol": "http",
									"host": [
										"localhost"
									],
									"port": "1026",
									"path": [
										"v2",
										"op",
										"update"
									]
								}
							},
							"response": []
						}
					]
				}
			]
		},
		{
			"name": "Tutorial 301 - Persistencia",
			"item": [
				{
					"name": "MongoDB",
					"item": [
						{
							"name": "Cygnus - Health",
							"request": {
								"method": "GET",
								"header": [],
								"url": {
									"raw": "http://localhost:5080/v1/version",
									"protocol": "http",
									"host": [
										"localhost"
									],
									"port": "5080",
									"path": [
										"v1",
										"version"
									]
								}
							},
							"response": []
						},
						{
							"name": "Crear suscripcion Cygnus a MongoDB",
							"request": {
								"method": "POST",
								"header": [
									{
										"key": "fiware-service",
										"value": "openiot",
										"type": "text"
									},
									{
										"key": "fiware-servicepath",
										"value": "/",
										"type": "text",
										"disabled": true
									}
								],
								"body": {
									"mode": "raw",
									"raw": "{\r\n  \"description\": \"Notify Cygnus Mongo-DB of all context changes\",\r\n  \"subject\": {\r\n    \"entities\": [\r\n      {\r\n        \"idPattern\": \".*\", \"type\": \"Product\"\r\n      }\r\n    ]\r\n  },\r\n  \"notification\": {\r\n    \"http\": {\r\n      \"url\": \"http://cygnus:5051/notify\"\r\n    }\r\n  },\r\n  \"throttling\": 1\r\n}",
									"options": {
										"raw": {
											"language": "json"
										}
									}
								},
								"url": {
									"raw": "http://localhost:1026/v2/subscriptions",
									"protocol": "http",
									"host": [
										"localhost"
									],
									"port": "1026",
									"path": [
										"v2",
										"subscriptions"
									]
								}
							},
							"response": []
						}
					]
				},
				{
					"name": "Actualizar precio producto 010 Copy",
					"request": {
						"method": "POST",
						"header": [
							{
								"key": "fiware-service",
								"value": "openiot",
								"type": "text"
							}
						],
						"body": {
							"mode": "raw",
							"raw": "{\r\n      \"price\":{\"value\": 22}\r\n}",
							"options": {
								"raw": {
									"language": "json"
								}
							}
						},
						"url": {
							"raw": "http://localhost:1026/v2/entities/Product010/attrs",
							"protocol": "http",
							"host": [
								"localhost"
							],
							"port": "1026",
							"path": [
								"v2",
								"entities",
								"Product010",
								"attrs"
							]
						}
					},
					"response": []
				},
				{
					"name": "Actualizar precio producto 011",
					"request": {
						"method": "POST",
						"header": [
							{
								"key": "fiware-service",
								"value": "openiot",
								"type": "text"
							}
						],
						"body": {
							"mode": "raw",
							"raw": "{\r\n      \"price\":{\"value\": 22}\r\n}",
							"options": {
								"raw": {
									"language": "json"
								}
							}
						},
						"url": {
							"raw": "http://localhost:1026/v2/entities/Product011/attrs",
							"protocol": "http",
							"host": [
								"localhost"
							],
							"port": "1026",
							"path": [
								"v2",
								"entities",
								"Product011",
								"attrs"
							]
						}
					},
					"response": []
				},
				{
					"name": "ORION - Obtener suscriptions Copy",
					"request": {
						"method": "GET",
						"header": [
							{
								"key": "Content-Type",
								"name": "Content-Type",
								"type": "text",
								"value": "application/json",
								"disabled": true
							},
							{
								"key": "fiware-service",
								"type": "text",
								"value": "openiot"
							},
							{
								"key": "fiware-servicepath",
								"type": "text",
								"value": "/",
								"disabled": true
							}
						],
						"url": {
							"raw": "http://{{orion}}/v2/subscriptions/",
							"protocol": "http",
							"host": [
								"{{orion}}"
							],
							"path": [
								"v2",
								"subscriptions",
								""
							]
						}
					},
					"response": []
				}
			]
		}
	]
}